id_cust,id_brand,nama_produk,komposisi,id_kategori,rating,harga
5865,47,R.N.A. POWER Anti-Aging Essence Serum,"Water, Butylene Glycol, Glycerin, Galactomyces Ferment Filtrate*, Niacinamide, Pentylene Glycol, Phytosteryl/Octyldodecyl Lauroyl Glutamate, Isopropyl Isostearate, Dimethicone, Squalane, Xylitol, Vinyl Dimethicone/Methicone Silsesquioxane Crosspolymer, Boron Nitride, Panthenol, Peg-20 Sorbitan Cocoate, Tocopheryl Acetate, Dimethicone/Vinyl Dimethicone Crosspolymer, Phenoxyethanol, Benzyl Alcohol, Acrylates/C10-30 Alkyl Acrylate Crosspolymer, Dipentaerythrityl Tri-Polyhydroxystearate, Peg-11 Methyl Ether Dimethicone, Aminomethyl Propanol, Ceratonia Siliqua (Carob) Fruit Extract, Laureth-7, Methylparaben, Polymethylsilsesquioxane, Sodium Peg-7 Olive Oil Carboxylate, Xanthan Gum, Disodium Edta, Peg-100 Stearate, Peg-7 Glyceryl Cocoate, Acanthopanax Senticosus (Eleuthero) Root Extract, Fragrance, Ethylhexylglycerin, Hydrolyzed Soy Protein, Cynara Scolymus (Artichoke) Leaf Extract, Polyquaternium-7, Hydrolyzed Yeast Protein, Palmitoyl Pentapeptide-4, Methylsilanol Tri-Peg-8 Glyceryl Cocoate, Methicone, Ci 77891, Ci 77492. *Pitera‚Ñ¢.",5,4.4,1285000
3010,40,Water Drench Hyaluronic Cloud Serum,"Water, Saccharide Isomerate, Sodium Hyaluronate, Sodium PCA, Hydrolyzed Silk, Algae Extract, Mel (Honey) Extract, Saccharomyces/Iron Ferment, Saccharomyces/Copper Ferment, Saccharomyces/Silicon Ferment, Saccharomyces/Zinc Ferment, Saccharomyces/Magnesium Ferment, Eriodictyon Crassifolium Leaf Extract, Olea Europaea (Olive) Leaf Extract, Opuntia Tuna Flower/Stem Extract, Urea, Trehalose, Sorbitol, Glycerin, Citric Acid, Sodium Citrate, Propylene Glycol, Hexylene Glycol, Butylene Glycol, Polyquaternium-51, Triacetin, Pentylene Glycol, Caprylyl Glycol, Sodium Benzoate, Potassium Sorbate, Disodium EDTA, Potassium Benzoate, Phenoxyethanol.",5,4.2,1065000
3783,33,"Eye Cream, 4 PHA",No Info,10,3.9,400000
1023,14,FAB Skin Lab Retinol Serum 0.25% Pure Concentrate,"Water, Polysorbate 80, Caprylic/Capric Triglyceride, Polysorbate 20, Butylene Glycol, Persea Gratissima (Avocado) Oil, Glycerin, Dimethicone, Retinol, Magnesium Ascorbyl Phosphate, Colloidal Oatmeal, Tocopherol, Hydrolyzed Hyaluronic Acid, Ceramide NP, Acetyl Hexapeptide-8, Linoleic Acid, Allantoin, Phytosteryl Canola Glycerides, Palmitic Acid, Oleic Acid, Glycine Soja (Soybean) Oil, Hydroxypropyl Cyclodextrin, Aloe Barbadensis Leaf Juice, Triolein, Caprylyl Glycol,Acrylates/C10-30 Alkyl Acrylate Crosspolymer, Xanthan Gum, Lecithin, Stearic Acid, Maltodextrin, BHT, BHA, Phenoxyethanol, Sodium Hydroxide, Potassium Sorbate.",5,4.3,1000000
1462,50,Saturn Sulfur Acne Treatment Mask,"Water, Sulfur, Isoamyl Laurate, Cetyl Ethylhexanoate, Niacinamide, Gum Arabic, Bentonite, Hydroxyethyl Acrylate/Sodium Acryloyldimethyl Taurate Copolymer, Polyglyceryl-2 Caprate, Olive Oil Glyceryth-8 Esters, Zinc PCA, Allantoin, Dipotassium Glycyrrhizate,, Melaleuca Alternifolia (Tea Tree) Leaf Oil, Leptospermum Scoparium (Manuka) Branch/Leaf Oil, Curcuma Longa (Turmeric) Root Extract, Corallina Officinalis Extract, Melia Azadirachta Leaf Extract, Amber Powder, Melia Azadirachta Flower Extract, Coccinia Indica Fruit Extract, Solanum Melongena (Eggplant) Leaf Extract, Ocimum Basilicum (Basil) Flower/Leaf Extract, Quartz, Polysorbate 60, Sorbitan Isostearate, Tocopherol, Disodium EDTA, Phenoxyethanol, Polysorbate 20, Alcohol Denat., Chlorphenesin, PEG-40 Hydrogenated Castor Oil, Caprylyl Glycol.",11,4.3,250000
3000,28,Essential Power Skin Toner for Combination to Oily Skin,"Water, Alcohol, Glycereth-26, Dipropylene Glycol, Chenopodium Quinoa Seed Extract, Opuntia Coccinellifera Fruit Extract, Niacinamide, Magnesium Sulfate, Manganese Sulfate, Butylene Glycol, Ascorbyl Glucoside, Ethylhexylglycerin, Zinc Sulfate, Calcium Chloride, PEG-60 Hydrogenated Castor Oil, Disodium Edta, Fragrance.",2,4.4,380000
4124,25,Clearly Corrective Dark Spot Solution,"Water, Propylene Glycol, Glycerin, Alcohol Denat., Peg/Ppg/Polybutylene Glycol-8/5/3 Glycerin, Hydroxypropyl Tetrahydropyrantriol, 3-O-Ethyl Ascorbic Acid, Ppg-6-Decyltetradeceth-30, Phenoxyethanol, Salicylic Acid, Xanthan Gum, Hydroxyethylcellulose, Potassium Hydroxide, Citric Acid, Sodium Citrate, Tocopheryl Acetate, Lavandula Angustifolia Oil / Lavender Oil, Disodium EDTA, Linalool, Citrus Tachibana / Citrus Aurantium Tachibana Peel Extract, Paeonia Suffruticosa Extract / Paeonia Suffruticosa Root Extract.",12,3.5,870000
886,30,"Peel Off Masque, Green Tea","Aqua, Polyvinyl alcohol, PPG-1-PEG-9 lauryl glycol ether, Sodium citrate,",9,4.7,20000
4483,5,Detoxifying Black Charcoal Cleanser,"Glycereth-26, Glycerin, Sodium Cocoyl Glutamate, Sodium Lauroyl Glutamate, PEG-120 Methyl Glucose Dioleate, Polysorbate 20, Butylene Glycol, Water/Aqua/Eau, Glycyrrhiza Glabra (Licorice) Root Extract, Glycolic Acid, Charcoal Powder, Ascorbyl Glucoside, Pelargonium Graveolens Flower Oil, Glucosyl Hesperidin, Simmondsia Chinensis (Jojoba) Seed Extract, Epilobium Angustifolium Flower/Leaf/Stem Extract, Ceteth-25, Oleth-10, Citrus Paradisi (Grapefruit) Seed Extract, Xanthan Gum, Cynara Scolymus (Artichoke) Leaf Extract.",1,4.3,350000
3275,24,D-Scar Scar Diminishing Serum,"Water, Caprylic/Capric Triglyceride, Divinyldimethicone/Dimethicone Copolymer, Cetearyl Alcohol, Dimethicone, Glycerin, Propanediol, Cyclopentasiloxane, Sodium Ascorbyl Glucoside, Bis-PEG/PPG-20/5 PEG/PPG-20/5 Dimethicone, Methoxy PEG/PPG-25/4 Dimethicone, Glyceryl Stearate, sh-Polypeptide-7, Sodium Chloride, Sodium Phosphate, Disodium EDTA, Ammonium Acryloyldimethyltaurate/VP Copolymer, Dimethiconol, Cyclohexasiloxane, Glucosamine HCl, Tocopheryl Acetate, Allantoin, Portulaca Oleracea Extract, Butylene Glycol, Elaeis Guineensis (Palm) Oil, Tocotrienols, Pisum Sativum (Pea) Extract, Bambusa Vulgaris Extract, C12-13 Pareth-23, C12-13 Pareth-3, Tocopherol, Xanthan Gum, Protease, Sodium Hydroxide, Hippophae Rhamnoides Fruit Extract, Maltodextrin Ethylhexylglycerin, Phenoxyethanol.",5,4.2,1500000
4329,4,Squalane + Omega Repair Cream,"Water, Squalane, Glycerin, Caprylic/Capric Triglyceride, Isoamyl Laurate, Butyrospermum Parkii (Shea) Butter, Sorbitan Olivate, Cetearyl Olivate, Ceramide NP, Jojoba Esters, Sodium Hyaluronate, Euterpe Oleracea Sterols, Linoleic Acid, Oleic Acid, Linolenic Acid, Ethyl Linoleate, Tocopherol, Isoamyl Cocoate, Cetyl Palmitate, Sorbitan Palmitate, Cetearyl Alcohol, Ethylhexylglycerin, Carbomer, Sodium Hydroxide, Phenoxyethanol, Sodium Gluconate.",7,4.7,290000
4220,24,EradiKate Acne Treatment,"Isopropyl Alcohol, Water, Camphor, Magnesium Aluminum Silicate, Salicylic Acid, Iron Oxides (CI 77489, CI 77491, CI 77492, CI 77499), Zinc Oxide (CI 77947).",11,4.3,280000
487,52,Forever Youth Liberator Eye Cream,No Info,10,4.2,950000
6253,37,Dr. Andrew Weil For Origins Mega-Mushroom Relief & Resilience Soothing Treatment Lotion,"Water, Butylene Glycol, PEG-4, Citrus Aurantium Dulcis (Orange) Oil**, Lavandula Angustifolia (Lavender) Oil**, Pogostemon Cablin (Patchouli) Oil**, Citrus Nobilis (Mandarin Orange) Peel Oil**, Pelargonium Graveolens Flower Oil**, Boswellia Carterii (Olibanum) Oil***, Limonene, Linalool, Citronellol, Geraniol, Ganoderma Lucidum (Reishi Mushroom) Extract, Fuscoporia Obliqua Sclerotium Extract, Cordyceps Sinensis (Mushroom) Extract, Ergothioneine, Camelina Sativa Seed Oil, Lactobacillus Ferment, Hippophae Rhamnoides Extract*, Zingiber Officinale (Ginger) Root Extract*, Curcuma Longa (Turmeric) Root Extract*, Ocimum Sanctum (Holy Basil) Leaf Extract, Helianthus Annuus (Sunflower) Seed Oil*, Silybum Marianum Fruit Extract, Saccharomyces Lysate Extract, Centella Asiatica (Hydrocotyl) Extract, Hypnea Musciformis (Algae) Extract, Caffeine, Sucrose*, Salvia Sclarea (Clary) Extract, Saccharomyces Ferment Filtrate, PEG-40 Hydrogenated Castor Oil, Gellidiella Acerosa Extract, Trideceth-9, Glycerin, Glycereth-26, Polysorbate 20, Sodium Hyaluronate, Tocopheryl Acetate, Maltodextrin, Pentylene Glycol, Sodium Hydroxide, Citric Acid, Potassium Sorbate, Phenoxyethanol.",3,4.4,450000
2730,25,Ultra Facial Oil-Free Gel-Cream,"Water, Glycerin, Alcohol Denat., Dimethicone, Isononyl Isononanoate, Carbomer, Imperata Cylindrica Root Extract, Dimethiconol, Caprylyl Glycol, Chlorphenesin, Sodium Hydroxide, Xanthan Gum, Pseudoalteromonas Ferment Extract, Tetrasodium Edta, Tocopheryl Acetate, Menthoxypropanediol, Phenoxyethanol, Biosaccharide Gum-1, Acrylates/C10-30 Alkyl Acrylate Crosspolymer.",7,4.1,500000
1194,12,Micro Essence Skin Activating Treatment Lotion,"Micro Essence Skin Act Treat Lot Division: El (Estee Lauder)Ingredients: Water , Bifida Ferment Lysate , Peg-75 , Propanediol , Butylene Glycol , Betaine , Pentylene Glycol , Lactobacillus Ferment , Acetyl Hexapeptide-8 , Acetyl Glucosamine , Trehalose , Caffeine , Sodium Hyaluronate , Anthemis Nobilis (Chamomile) , Caprylyl Glycol , Carbomer , Ppg-5-Ceteth-20 , Citric Acid , Potassium Sorbate , Sodium Citrate , Tromethamine , Disodium Edta , Phenoxyethanol",3,4.4,1800000
5803,51,Snow Mushroom Water Serum,"Tremella Fuciformis (Mushroom) Extract, Propanediol, Glycerin, Argania Spinosa(Argan) Kernel Oil, Sea Water, Sodium Hyaluronate, Citrullus Vulgaris (Watermelon) FruitExtract, Pyrus Malus (Apple) Fruit Extract, Lens Esculenta (Lentil) Fruit Extract, Sodium PCA, Sodium Lactate, 3-O-Ethyl Ascorbic Acid, Pentylene Glycol, Caprylyl Glycol, N-Prolyl Palmitoyl Tripeptide-56 Acetate, Hydroxyethylcellulose, Polyglyceryl-4 Caprate, Diheptyl Succinate, Capryloyl Glycerin/Sebacic Acid Copolymer, Sodium Carbomer, Ethylhexylglycerin.",5,4.7,650000
5044,35,Truth Serum,"Water, Sodium Ascorbyl Phosphate, Calcium Ascorbate, Sorbitol, Glycerin, Tocopheryl Acetate, Aloe Barbadensis Leaf Juice, Citrus Aurantium Dulcis (Orange) Fruit Extract, Camellia Sinensis Leaf Extract, Euphrasia Officinalis Extract, Rosa Canina Fruit Extract, Citrus Grandis (Grapefruit) Seed Extract, Oleth-20, Hydroxyethylcellulose, PEG-12 Dimethicone, Benzophenone-4, Sodium Hyaluronate, Thioctic Acid, Phenoxyethanol, Citric Acid, Caprylyl Glycol, Hexylene Glycol, Limonene, Linalool, Citral, Fragrance, Yellow 6.",5,4.3,950000
6097,13,Cleanser,"Paraffinum Liquidum, PEG-30 Lanolin, Cetearyl Alcohol, Bis-Diglyceryl Polyacyladipate-2, Aluminum Stearate, Theobroma Cacao (Cocoa) Seed Butter, Peg-75 Lanolin, Phenoxyethanol, Eugenia Caryophyllus (Clove) Leaf Oil, Humulus Lupulus (Hop) Oil, Chamomilla Recutita (Matricaria) Flower Oil, Eucalyptus Globulus Leaf Oil, BHT.",1,4.3,800000
5218,32,Crystal Deep Peeling,No Info,8,4,900000
5558,22,Argan Glow Moroccan Argan Oil,"Cyclopentasiloxane, Dimethicone, Argania Spinosa (Argan) Kernel Oil, Isopropyl Myristate, Cyclomethicone, Cyclohexasiloxane, Cyclotetrasiloxane, Parfum, Tocopherol, Benzotriazolyl Dodecyl P-Cresol, Butyrospermum Parkii (Shea Butter), Benzyl Salicylate, Helianthus Annuus (Sunflower) Seed Oil, Butylphenyl Methylpropional, CI 75120, Ascorbyl Palmitate",13,4.5,220000
3981,45,Face Mask-Algae-Detoxifying,No Info,9,4.2,45000
2142,28,Water Bank Moisture Cream,"Water, Glycerin, Butylene Glycol, Squalane, Dimethicone, Pentaerythrityl Tetraethylhexanoate, BIS-PEG-18 Methyl Ether Dimethyl Silane, Dicaprylyl Ether, Cyclopentasiloxane, Sucrose Polystearate, Cyclohexasiloxane, Glyceryl Stearate, Urea, Chenopodium Quinoa Seed Extract, Salicornia Herbacea Extract, Magnesium Sulfate, Manganese Sulfate, Calcium Chloride, Zinc Sulfate, Sodium Hyaluronate, Limnanthes Alba (Meadowfoam) Seed Oil, Copper Tripeptide-1, Ceramide 3, Phytosphingosine, Niacinamide, Myristyl Myristate, Glyceryl Undecylenate, Acetyl Glucosamine, Cetearyl Alcohol, Cetyl Ethylhexanoate, Tocopherol, Propanediol, Stearic Acid, Ascorbyl Glucoside, Hydrogenated Lecithin, Xanthan Gum, Trisiloxane, Palmitic Acid, Potassium Cetyl Phosphate, Polyglyceryl-10 Stearate, Polyacrylate-13, Polyisobutene, Propylene Glycol, PEG-100 Stearate, Acrylates / C10-30 Alkyl Acrylate Crosspolymer, PEG-5 Rapeseed Sterol, Hydroxyethyl Acrylate / Sodium Acryloyldimethyl Taurate Copolymer, Hydrogenated Polyisobutene, Polysorbate 20, Tromethamine, Disodium EDTA, Glyceryl Caprylate, Ethylhexylglycerin, Fragrance.",7,4.4,500000
5848,43,Evercalm Anti-Redness Serum,Visit the REN Clean Skincare boutique,5,3.8,600000
5279,26,The Moisturizing Cool Gel Cream,Visit the La Mer boutique,7,3.3,325000
2940,9,Ferulic + Retinol Wrinkle Recovery Peel,"Water, Hamamelis Virginiana (Witch Hazel) Water, SD Alcohol 40-B, Butylene Glycol, Hydroxyethyl Urea, PEG-8 Dimethicone, Ethoxydiglycol, Retinol, Ferulic Acid, Centella Asiatica Extract, Bisabolol, Soy Isoflavones, Rehmannia Glutinosa Root Extract, Sodium Hyaluronate, Aloe Barbadensis Leaf Juice, Phospholipids, Sphingolipids, Squalane, Anthemis Nobilis Flower Extract, Camellia Sinensis Leaf Extract, Cucumis Sativus (Cucumber) Fruit Extract, Sodium PCA, Lactic Acid, Mandelic Acid, Linoleic Acid, Linolenic Acid, Glycerin, Caprylic/Capric Triglyceride, Tetrasodium EDTA, Sodium Hydroxide, Citrus Aurantium Bergamia (Bergamot) Fruit Extract, Citrus Limon (Lemon) Peel Extract, Lavandula Angustifolia (Lavender) Flower/Leaf/Stem Extract, PEG-40 Hydrogenated Castor Oil, BHA, Trideceth-9, Polysorbate 20, Potassium Sorbate, Benzoic Acid, BHT, Sodium Benzoate, Phenoxyethanol.",7,4.4,750000
727,16,Nutritioniste Clean + Invigorating Daily Scrub,"Acylater, Alcohol, Fragrance",8,4.2,150000
3899,46,Ultimune Eye Power Infusing Eye Concentrate,WATER(AQUA/EAU)?DIMETHICONE?GLYCERIN?DIPROPYLENE GLYCOL?ALCOHOL DENAT.?SORBITOL?PEG-10 DIMETHICONE?DIMETHICONE/VINYL DIMETHICONE CROSSPOLYMER?METHYL GLUCETH-10?SODIUM CHLORIDE?NYLON-12?PEG/PPG-19/19 DIMETHICONE?HYDROGENATED POLYISOBUTENE,10,4.3,850000
1445,24,EradiKate Acne Treatment,"Isopropyl Alcohol, Water, Camphor, Magnesium Aluminum Silicate, Salicylic Acid, Iron Oxides (CI 77489, CI 77491, CI 77492, CI 77499), Zinc Oxide (CI 77947).",11,4.3,300000
5553,41,Purity Made Simple Cleanser,"Water, Sodium Lauroamphoacetate, Sodium Trideceth Sulfate, Limnanthes Alba (Meadowfoam) Seed Oil, Coco-Glucoside, Coconut Alcohol, Peg-120 Methyl Glucose Dioleate, Glycerin, Carbomer, Isopropyl Alcohol, Polysorbate 20, Citric Acid, Imidazolidinyl Urea, Methylparaben, Aniba Rosaeodora (Rosewood) Wood Oil, Propylparaben, Triethanolamine, Amyris Balsamifera Bark Oil, Bulnesia Sarmientoi Wood Oil, Cymbopogon Martini Oil, Pelargonium Graveolens Flower Oil, Rosa Centifolia Flower Oil, Santalum Album (Sandalwood) Oil, Daucus Carota Sativa (Carrot) Seed Oil, Mimosa Tenuiflora Bark Extract, Ormenis Multicaulis Oil, Piper Nigrum (Pepper) Fruit Oil, Salvia Sclarea (Clary) Oil, Fd&C Yellow No. 5 (Ci 19140).",1,4.5,450000
3664,7,Gentle Cleansing Milk,"Water, Cetearyl Isononanoate*, Butylene Glycol, Glycerin*, Cetyl Alcohol*, Prunus Amygdalus Dulcis (Sweet Almond) Oil*, Simmondsia Chinensis (Jojoba) Seed Oil*, Sodium Cocoyl Glutamate*, Decyl Glucoside*, Butyrospermum Parkii (Shea) Butter Extract*, Maltodextrin*, Carbomer, Potassium Cetyl Phosphate, Caprylyl Glycol, Hydrolyzed Vegetable Protein*, Acrylates/C10-30 Alkyl Acrylate Crosspolymer, Potassium Sorbate, Sodium Hydroxide, Trehalose*, Tocopherol*, Fragrance, Avena Sativa (Oat) Kernel Extract*, Centaurea Cyanus Flower Extract*, Palmitoyl Grape Seed Extract*, Hexyl Cinnamal, Linalool, Limonene. *Plant origin.",1,4.1,300000
828,8,Dramatically Different Moisturizing Gel,"Water , Dimethicone , Isododecane , Butylene Glycol , Bis-Peg-18 Methyl Ether Dimethyl Silane , Glycerin , Laminaria Saccharina Extract , Polygonum Cuspidatum Root Extract , Saccharomyces Lysate Extract , Cucumis Sativus (Cucumber) Fruit Extract , Hordeum Vulgare (Barley) Extract/Extrait D'Orge , Helianthus Annuus (Sunflower) Seedcake , Caffeine , Trehalose , Sodium Hyaluronate , Tocopheryl Acetate , Chamomilla Recutita (Matricaria) , Polysilicone-11 , Silica , Propylene Glycol Dicaprate , Oleth-10 , Lactobacillus Ferment , Laureth-23 , Laureth-4 , Ammonium Acryloyldimethyltaurate/Vp Copolymer , Carbomer , Caprylyl Glycol , Hexylene Glycol , Tromethamine , Disodium Edta , Phenoxyethanol , Potassium Sorbate , Yellow 5 (Ci 19140) , Red 4 (Ci 14700) , Yellow 6 (Ci 15985)",7,4.5,350000
3630,7,Moisturizing Toner,"Water, Butylene Glycol, Peg-40 Hydrogenated Castor Oil*, Sodium Carboxymethyl Betaglucan (Vinolevure), Methylpropanediol, Sodium Benzoate, Fragrance, Caprylyl Glycol, Citric Acid*, Biosaccharide Gum-1, Phenylpropanol, Glyceryl Caprylate.",2,4.4,300000
10,35,Invigorating Night Transformation Gel,"Water, Glycolic Acid, Glycerin, Chondrus Crispus (Carrageenan), Xantahn Gum, Lactic Acid, Potassium Hydroxide, Vaccinium Myrtillus (Bilberry) Fruit Extract, Phenoxyethanol, Saccharum Officinarum (Sugar Cane) Extract, Propylene Glycol, Chlorphenesin, Citrus Limon (Lemon) Fruit Extract, Acer Saccarum (Sugar Maple) Extract, Sodium Dehydroacetate, Citric Acid, Parfum/Fragrance, Biosaccharide Gum-1, Sodium Levulinate, Calcium Ascorbate, Glyceryl Caprylate, Tocopherol, Glycine Soja (Soybean) Oil, Sodium Anisate, Calcium Carbonate, Calcium Threonate, Glycyrrhiza Glabra (Licorice) Root Extract, Sodium Benzoate, Potassium Sorbate, Benzyl Benzoate.",7,4.3,200000
6433,24,EradiKate Daily Cleanser Acne Treatment,"Water, Sodium Cocoyl Isethionate, Coco-Glucoside, Acrylates Copolymer, Coconut Alcohol, Glycereth-18 Ethylhexanoate, Glycereth-18, Stearyl Alcohol, Honey Extract, Oryza Sativa (Rice) Bran Extract, Avena Sativa (Oat) Kernel Extract, Oligopeptide-10, Boswellia Serrata Extract, Behenyl Alcohol, Glycerin, Xanthan Gum, Caprylyl Glycol, Hexylene Glycol, Butylene Glycol, Phenoxyethanol, Fragrance, Citric Acid, Sodium Hydroxide, Ethylhexylglycerin, Disodium EDTA, Disodium Carboxyethyl Siliconate, Titanium Dioxide (CI 77891), Iron Oxides (CI 77491).",11,4.3,450000
271,21,My Real Squeeze Mask (Oatmeal),"WATER, BUTYLENE GLYCOL, GLYCERIN, CETYL ETHYLHEXANOATE, CAPRYLIC/CAPRIC TRIGLYCERIDE, DIMETHICONE, POLYGLYCERYL-3 METHYLGLUCOSE DISTEARATE, AVENA SATIVA (OAT) KERNEL EXTRACT, GLYCERYL STEARATE, PEG-100 STEARATE, CENTELLA ASIATICA EXTRACT, PAEONIA SUFFRUTICOSA ROOT EXTRACT, 1,2-HEXANEDIOL,",9,4.5,20000
48,8,Blackhead Solutions 7 Day Deep Pore Cleanse & Scrub,"Water, Kaolin, Glycerin, Butylene Glycol, Magnesium Aluminum Silicate, Glyceryl Stearate, Peg-100 Stearate, Silica, Sodium Lauroyl Sarcosinate, Allyl Methacrylates Crosspolymer, Gentiana Lutea (Gentian) Root Extract, Laminaria Saccharina Extract, Sucrose, Acetyl Glucosamine, Caprylyl Glycol, 1,2-Hexanediol, Tocopheryl Acetate, Sodium Hydroxide, Xanthan Gum, Disodium Edta, Phenoxyethanol, Titanium Dioxide (Ci 77891), Blue 1 (Ci 42090), Yellow 5 (Ci 19140).",1,4.2,300000
706,10,Ceramidin Cream,"Water, Glycerin, Dipropylene Glycol, Cetearyl Alcohol, Caprylic/Capric Triglyceride, Hydrogenated Poly(C6-14 Olefin), Hydrogenated Polydecene, Methyl Trimethicone, 1, 2-Hexanediol, Bifida Ferment Lysate, Phenyl Trimethicone, Vegetable Oil, Butyrospermum Parkii (Shea) Butter, Glyceryl Stearate SE, Ceramide NP, Stearic Acid, Algae Extract, Eclipta Prostrata Leaf Extract, Cetearyl Glucoside, Hydrogenated Lecithin, Microcrystalline Cellulose, Butylene Glycol, C12-16 Alcohols, Ammonium Acryloyldimethyltaurate/VP Copolymer, Malt Extract, Beta Vulgaris (Beet) Root Extract, Melia Azadirachta Flower Extract, Melia Azadirachta Leaf Extract, Throbroma Caco (Cocoa) Seed Extract, Curuma Longa (Turmeric) Root Extract, Ocimum Sanctum Leaf Extract, Amaranthus Caudatus Seed Extract, Ulmus Davidiana Root Extract, Avena Sativa (Oat) Kernel Extract, Cynara Scolymus (Artichoke) Leaf Extract, Pteris Multifida Extract, Artemisia Vulgaris Extract, Corallina Officinalis Extract, Pyracantha Fortuneana Fruit Extract, Glycerly Polymethacrylate, Cholesterol, Citrus Aurantium Bergamia (Bergamot) Fruit Oil, Hydrolyzed Corn Starch, Sodium Hyaluronate, Pelargonium Graveolens Flower Oil, Fructooligosaccharides, Beta-Glucan, Dextrin, Disodium EDTA, Panthenol, Polyquaternium-51, Raffinose, Hydrolyzed Hyaluronic Acid, Folic Acid, Salvia Officinalis (Sage) Oil, Pogostemon Cablin Oil, Tromethamine, Ceramide AP, Ceramide AS, Ceramide NS, Palmitoyl Pentapeptide-4, Ceramide EOP.",7,4.6,650000
4023,31,Rapid Age Spot and Pigment Lightening Serum,"Water, Alcohol Denat., Glycolic Acid, Butylene Glycol, Glycerin, Methyl Gluceth-10, Dextran, Hexapeptide-2, Rice Amino Acids, Aloe Barbadensis Leaf Juice, Urea, Yeast Amino Acids, Trehalose, Inositol, Taurine, Betaine, Zinc Gluconate, Ascorbic Acid, Chitosan, Propyl Gallate, Nonoxynol-10, Lecithin, Tocopherol, Magnesium Ascorbyl Phosphate, Dipotassium Glycyrrhizate, Palmitoyl Hydroxypropyltrimonium Amylopectin/Glycerin Crosspolymer, Vitis Vinifera (Grape) Seed Extract, Chitosan PCA, Allantoin, Polyquaternium-10, Sodium Metabisulfite, Sodium Sulfite, Sodium Hydroxide, PPG-26-Buteth-26, PEG-40 Hydrogenated Castor Oil, Hydroxyethylcellulose, Disodium EDTA, Limonene, Linalool, Fragrance.",5,3.8,1700000
753,27,Advance Genifique Hydrogel Melting Sheet Mask,"WATER, GLYCERIN, BIFIDA FERMENT LYSATE, BUTYLENE GLYCOL, CAPRYLIC/CAPRIC TRIGLYCERIDE, 1,2-HEXANEDIOL, SUCROSE, LACTOBACILLUS FERMENT, TOCOPHEROL, SODIUM BENZOATE, MADECASSOSIDE, HYDROLYZED WHEAT PROTEIN, SODIUM DEHYDROACETATE, SODIUM SUCCINATE, PHENOXYETHANOL, PHENYL TRIMETHICONE, ADENOSINE, FAEX EXTRACT / YEAST EXTRACT,†",9,3.6,250000
5189,18,Gokujyun Premium Hyaluron Emulsion,"Water, Butylene Glycol, Glycerin, PPG-10 Methyl Glucose Ether, Disodium Succinate, Methylparaben, Sodium Hyaluronate (Medium-size HA), Hydroxyethylcellulose Succinic Acid,†",4,4.3,250000
2967,4,Squalane + Vitamin C Rose Oil,"Squalane, Pistacia Lentiscus (Mastic) Gum, Rosa Damascena Flower Extract, Tetrahexyldecyl Ascorbate, Caprylic/Capric Triglycerides.",6,4.4,1000000
4395,19,Jasmine Green Tea Balancing Toner,"Jasminum Officinale (Jasmine) Flower Water, Hamamelis Virginiana (Witch Hazel) Flower Water, Aloe Barbadensis Leaf Water, Salix Alba (Willow) Bark Extract, Camellia Sinensis (Green Tea) Leaf Extract, Camellia Sinensis (White Tea) Leaf Extract, Zingiber Officinale (Ginger) Root Extract, Leuconostoc/Radish Root Ferment Filtrate, Jasminum Grandiflorum Floral Extract,Melia Azadirachta Leaf Extract, Melia Azadirachta Flower Extract.",2,4.2,750000
1885,32,Crystal Deep Peeling,Visit the Kopari boutique,8,4.2,900000
4394,44,Rub-A-Dub Refining Peel Gel,"Water, Glycerin, Cellulose, Butylene Glycol, Alcohol Denat., Dipropylene Glycol, Pentylene Glycol, Ceteareth-12, Citrus Limon (Lemon) Peel Oil, Juniperus Mexicana Oil, Citrus Aurantium Dulcis (Orange) Peel Oil, Citrus Grandis (Grapefruit) Peel Oil, Eucalyptus Globulus Leaf Oil, Lavandula Angustifolia (Lavender) Oil, Rosmarinus Officinalis (Rosemary) Leaf Oil, Aloe Barbadensis Leaf Polysaccharides, Phoenix Dactylifera (Date) Seed, 1,2-Hexanediol, Triethanolamine, Polysorbate 20, Caprylyl Glycol, Lactose, Hydroxypropyl Methylcellulose, Ethylhexylglycerin, Jojoba Esters, Hydrogenated Licithin, Mannitol, Ascorbyl Palmitate, Tocopheryl Acetate, Cholesterol, Peg-800, Bromelain, Papain, Ascorbic Acid, Sh-Oligopeptide-1, Sh-Polypeptide-1, Sh-Oligopeptide-2, Sh-Polypeptide-22, Sh-Polypeptide-45, Sh-Polypeptide-8, Sh-Polypeptide-9, Carbomer, Disodium Edta, Ultramarines (Ci 77007).",8,4.6,280000
1567,24,Anti Bac Clearing Lotion,"Water, PPG-2 Myristyl Ether Propionate, Argania Spinosa Kernel Extract, PEG-40 Sterate, Serenoa Serrulata Fruit Extract, Sesamum Indicum (Sesame) Seed Extract, Alcohol Denat., Sorbitan Stearate, Hydrogenated Methyl Abeitate, Methyl Methacrylate Crosspolymer, Carbomer, Glyceryl Stearate, Cetyl Alcohol, Tetrasodium EDTA, Hydrogenated Lecithin, Cholesterol, Ceramide NS, Ceramide NP, Oleic Acid, Palmitic Acid, Sodium Ascorbate, Sodium Hydroxide, EDTA, Ethyhexylglycerin, Phenoxyethanol.",3,4.4,600000
975,26,The Treatment Lotion,"Declustered Water (+)/Aqua/Eau De-Structuree (+), Declustered Water (-)/Aqua/Eau De-Structuree (-), Algae (Seaweed) Extract, Glycerin, Methyl Gluceth-20, Bis-Peg-18 Methyl Ether Dimethyl Silane, Yeast Extract/Faex/Extrait De Levure, Sucrose, Glycereth-26, Sesamum Indicum (Sesame) Seed Oil, Medicago Sativa (Alfalfa) Seed Powder, Helianthus Annuus (Sunflower) Seedcake, Prunus Amygdalus Dulcis (Sweet Almond) Seed Meal, Eucalyptus Globulus (Eucalyptus) Leaf Oil, Sodium Gluconate, Copper Gluconate, Calcium Gluconate, Magnesium Gluconate, Zinc Gluconate, Tocopheryl Succinate, Niacin, Sesamum Indicum (Sesame) Seed Powder, Citrus Aurantifolia (Lime) Peel Extract, Glycine Soja (Soybean) Seed Extract, Laminaria Digitata Extract, Palmaria Palmata Extract, Codium Tomentosum Extract, Laminaria Saccharina Extract, Sea Salt/Maris Sal/Sel Marin, Plankton Extract, Caffeine, Polyquaternium-51, Lecithin, Butylene Glycol, Dipotassium Glycyrrhizate, Glycine Soja (Soybean) Protein, Tourmaline, Acetyl Hexapeptide-8, Glycosaminoglycans, Peg-8, Sodium Hyaluronate, Alcaligenes Polysaccharides, Sodium Pca, Urea, Ppg-5-Ceteth-20, Jojoba Wax Peg-120 Esters, Polysorbate 20, Hexylene Glycol, Pentylene Glycol, Potassium Sorbate, Trehalose, Caprylyl Glycol, Hydroxypropyl Cyclodextrin, Fragrance, Disodium Edta, Limonene, Geraniol, Linalool, Hydroxycitronellal, Citronellol, Phenoxyethanol",3,4.4,1700000
3914,25,Ultra Facial Oil-Free Gel-Cream,"Water, Glycerin, Alcohol Denat., Dimethicone, Isononyl Isononanoate, Carbomer, Imperata Cylindrica Root Extract, Dimethiconol, Caprylyl Glycol, Chlorphenesin, Sodium Hydroxide, Xanthan Gum, Pseudoalteromonas Ferment Extract, Tetrasodium Edta, Tocopheryl Acetate, Menthoxypropanediol, Phenoxyethanol, Biosaccharide Gum-1, Acrylates/C10-30 Alkyl Acrylate Crosspolymer.",7,4.1,1250000
4880,50,Ceramic Slip Cleanser,"Water, Disodium Laureth Sulfosuccinate, Octyldoecanol, Polyacrylate-33, Propanediol, Polygyceryl-2 Caprate, Sodium Cocoyl Isethionate, Montmorillonoite, Kaolin, Olive Oil Polyglyceryl-6 esters, Rice Oil Glycereth-8 esters, Phospholipids, Sodium Lauroamphoacetate, Bisabolol, Pentylene Glycol, Sodium Chloride, Sodium Phytate, Caprylyl Glycol, Dehydeoacetic Acid, Benzoic Acid, Propylene Carbonate, Linalool, Farnesol",1,4.3,650000
4017,49,Beauty In A Food Mask Sheet - Red Beet,No Info,9,4.5,15000
3252,17,Midnight Secret Late Night Recovery Treatment,Visit the Guerlain boutique,5,4.2,350000
579,35,The Clean Truth Foaming Cleanser,"Water, Sodium Methyl Cocoyl Taurate, Cocamidopropyl Betaine, PPG-5-Ceteth-20, Fragrance, Cocamidopropyl PG-Dimonium Chloride Phosphate, PEG-8 Dimethicone, Phenoxyethanol, PEG-8 Ricinoleate, Leuconostoc/Radish Root Ferment Filtrate, Citric Acid, Ascorbic Acid, Aloe Barbadensis Leaf Juice, Glycerin, Calcium Ascorbate, Cucurbita Pepo (Pumpkin) Fruit Extract, Chamomilla Recutita (Matricaria) Flower Extract, Aspalathus Linearis Leaf Extract, Ribes Nigrum (Black Currant) Seed Oil, Linum Usitatissimum (Linseed) Seed Oil, Daucus Carota Sativa (Carrot) Seed Oil, Borago Officinalis Seed Oil, Butyrospermum Parkii (Shea) Butter, Sodium Benzoate, Potassium Sorbate, Sodium Sulfite, Limonene.",1,4.4,230000
492,2,MOISTURE BOUND Refreshing Hydra-Gel Oil-Free,"Phyllostachis Bambusoides Juice, Butylene Glycol, Cyclopentasiloxane, Hydrogenated Polyisobutene, Glycerin, Dimethicone, Xylitylglucoside, Alcohol, Tricholoma Matsutake Extract, Panax Ginseng Root Extract, Zingiber Officinale (Ginger) Root Extract, Trehalose, Serine, Glycine, Hydrolyzed Ginseng Saponins, Kaempferol, Glutamic Acid, Alanine, Lysine, Arginine, Threonine, Cetearyl Alcohol, Peg-40 Stearate, Anhydroxylitol, Silica, Sodium Polyacrylate, Sucrose Stearate, Sorbitan Sesquioleate, Hydrogenated Polydecene, Polysilicone-11, Xylitol, Triethanolamine, Carbomer, Peg/Ppg-18/18 Dimethicone, Titanium Dioxide, Ppg-5-Laureth-5, Betaine, Biosaccharide Gum-1, Sodium PCA, Hydrated Silica, Propylene Glycol, Sorbitol, Hydrogenated Lecithin, Aluminum Hydroxide, Peg-5 Rapeseed Sterol, Ethyl Hexanediol, Proline, Zinc Gluconate, BHT, Magnesium Aspartate, Copper Gluconate, Calcium Gluconate, Disodium EDTA, Methylparaben, Propylparaben, CI 42090, Fragrance.",7,4.2,3600000
6652,31,Hydro-Dynamic Ultimate Moisture,"Water, C12-15 Alkyl Benzoate, Caprylic/Capric Triglyceride, Glycerin, Sunflower Seed Oil, Butylene Glycol, Glyceryl Stearate, Glyceryl Behenate/Eiosadioate, Dicaprylyl Carbonate, Shea Butter, Cetearyl Alcohol, Myristyl Myristate, Cetyl Alcohol, Ethoxydiglycol, Phenyl Trimethicone, Stearic Acid, Oat Kernel Extract, Saccharomyces Cerevisiae Extract, Laminaria Digitata Extract, Yeast Amino Acids, Betaine, Inositol, Taurine, Trehalose, Soybean Sterols, Corn Starch, Olive Fruit Oil, Avocado Oil, Sodium Hyaluronate, Dipotassium Glycyrrhizate, Tetrahexyldecyl Ascorbate, Tocopheryl Acetate, Linoleic Acid, Phospholipids, Polysorbate 60, Acrylamide/Sodium Acryloyldimethyltaurate Copolymer, Isohexadecane, Glyceryl Polymethacrylate, Panthenol, Jojoba Alcohol, Potassium Jojobate, Polysorbate 80, Urea, Glucosamine HCI, PEG-8, Bisabolol, Sorbitan Oleate, Cetearyl Methicone, Dimethicone, Palmitoyl Oligopeptide, Retinyl Palmitate, Allantoin, Xanthan Gum, Disodium EDTA, BHT, Ethylhexylglycerin, Chlorphenesin, Phenoxyethanol.",7,4.4,1550000
4024,8,Blackhead Solutions Self-heating Blackhead Extractor,"Magnesium Sulfate, Dimethicone, Isononyl Isononanoate, Isododecane, Polysilicone-11, Phenyl Trimethicone, Hydrogenated Lecithin, Acetyl Glucosamine, Polysorbate 20, Polysorbate 80, Polyethylene, Diatomaceous Earth/Solum Diatomeae/Terre De Diatom√©es, Triethylhexanoin, Pumice, Bambusa Arundinacea (Bamboo) Stem Extract, Peg-15/Lauryl Dimethicone Crosspolymer, Caprylyl Glycol, Stearyl Glycyrrhetinate, Water, Silica.",8,3.7,360000
5407,24,Wrinkle Warrior 2-in-1 Plumping Moisturizer + Serum,"Water, Dimethicone, Propanediol, Dimethyl Isosorbide, Hydrolyzed Vegetable Protein, Glycerin, Polysilicone-11, Ammonium Acryloyldimethyltaurate/VP Copolymer, Butylene Glycol, Polymethylsilsesquioxane, Trehalose, Betaine, Hydrolyzed Hyaluronic Acid, Sodium Hyaluronate, Disodium Acetyl Glucosamine Phosphate, Polyglutamic Acid, Zanthoxylum Bungeanum Fruit Extract, Copper Lysinate/Prolinate, Methylglucoside Phosphate, Chondrus Crispus Extract, Glycine Soja (Soybean) Extract, Aloe Barbadensis Leaf Juice, Adenosine, PEG-12 Dimethicone, Phenoxyethanol, HDI/Trimethylol Hexyllactone Crosspolymer, Oleyl Alcohol, Decyl Glucoside, Fragrance/Parfum, Ethylhexylglycerin, Disodium EDTA, Gluconolactone, Benzyl Salicylate, Citric Acid, Linalool, Sodium Benzoate, Caprylyl Glycol, Hexylene Glycol, Geraniol, Citronellol.",7,3.9,3400000
2760,39,Pore Treatment Strips,"Hydrocolloid Bandage, DMAE, Vitamin A",14,4.2,400000
4432,35,Invigorating Night Transformation Gel,"Water, Glycolic Acid, Glycerin, Chondrus Crispus (Carrageenan), Xantahn Gum, Lactic Acid, Potassium Hydroxide, Vaccinium Myrtillus (Bilberry) Fruit Extract, Phenoxyethanol, Saccharum Officinarum (Sugar Cane) Extract, Propylene Glycol, Chlorphenesin, Citrus Limon (Lemon) Fruit Extract, Acer Saccarum (Sugar Maple) Extract, Sodium Dehydroacetate, Citric Acid, Parfum/Fragrance, Biosaccharide Gum-1, Sodium Levulinate, Calcium Ascorbate, Glyceryl Caprylate, Tocopherol, Glycine Soja (Soybean) Oil, Sodium Anisate, Calcium Carbonate, Calcium Threonate, Glycyrrhiza Glabra (Licorice) Root Extract, Sodium Benzoate, Potassium Sorbate, Benzyl Benzoate.",7,4.3,450000
4174,7,Glycolic Peel,"Water, Glycerin*, Isononyl Isononanoate, Sorbitan Stearate*, Glyceryl Stearate Se*, Glycolic Acid, Cetyl Palmitate*, Cetearyl Alcohol*, Vitis Vinifera (Grape) Seed Oil*, Hydroxyethyl Acrylate/Sodium Acryloyldimethyl Taurate Copolymer, Panthenol, Squalane*, Cetyl Alcohol*, Dimethicone, Sodium Hydroxide, Ci 77891 (Titanium Dioxide), Bisabolol*, Fragrance, Benzyl Alcohol, Polysorbate 60*, Sodium Pca*, Caprylyl Glycol, Arginine, Palmitoyl Grapevine Shoot Extract*, Tocopherol*, Carbomer, Dehydroacetic Acid, Sodium Phytate*, Papain*, Acrylates/C10-30 Alkyl Acrylate Crosspolymer, 1,2-Hexanediol, Algin. *Plant origin.",8,4.2,500000
22,51,Snow Mushroom Water Serum,"Tremella Fuciformis (Mushroom) Extract, Propanediol, Glycerin, Argania Spinosa(Argan) Kernel Oil, Sea Water, Sodium Hyaluronate, Citrullus Vulgaris (Watermelon) FruitExtract, Pyrus Malus (Apple) Fruit Extract, Lens Esculenta (Lentil) Fruit Extract, Sodium PCA, Sodium Lactate, 3-O-Ethyl Ascorbic Acid, Pentylene Glycol, Caprylyl Glycol, N-Prolyl Palmitoyl Tripeptide-56 Acetate, Hydroxyethylcellulose, Polyglyceryl-4 Caprate, Diheptyl Succinate, Capryloyl Glycerin/Sebacic Acid Copolymer, Sodium Carbomer, Ethylhexylglycerin.",5,4.7,850000
660,14,Skin Rescue Deep Cleanser With Red Clay,"Water, Sodium Lauroyl Sarcosinate, Cocamidopropyl Betaine, Glycerin, Peg-120 Methyl Glucose Dioleate, Acrylates/Steareth-20 Methacrylate Copolymer, Dipropylene Glycol, Camellia Sinensis Leaf Extract, Chrysanthemum Parthenium (Feverfew) Extract, Glycyrrhiza Uralensis (Licorice) Root Extract, Bisabolol, Rosmarinus Officinalis (Rosemary) Leaf Oil, Allantoin, Acrylates/C10-30 Alkyl Acrylate Crosspolymer, Panthenol, Illite, Potassium Hydroxide, Disodium Edta, Mica, Caprylyl Glycol, Phenoxyethanol, Iron Oxides (Ci 77491).",1,4.3,250000
4337,31,Advanced Active Radiance Serum,"Water, Glycolic Acid, Butylene Glycol, Hydroxyethyl Acrylate/Sodium Acryloyldimethyl Taurate Copolymer, Cyclopentasiloxane, Urea, Yeast Amino Acids, Trehalose, Inositol, Taurine, Betaine, Hydrolyzed Opuntia Ficus Indica Flower Extract, Hexapeptide-2, Hydrolyzed Jojoba Esters, Jojoba Esters, Dimethicone Crosspolymer, Camellia Oleifera Leaf Extract, Avena Sativa (Oat) Kernel Extract, Enantia Chlorantha (Bark) Extract, Oleanolic Acid, Ectoin, Sodium Ascorbyl Phosphate, Biotin, Mannitol, Zinc Gluconate, Tocopheryl Acetate, Dipotassium Glycyrrhizate, Ethylhexyl Palmitate, Silica Dimethyl Silylate, Sodium Hyaluronate, Tetrahexyldecyl Ascorbate, Ascorbic Acid, Chitosan, Propyl Gallate, Methyl Diisopropyl Propionamide, Ethyl Menthane Carboxamide, Menthyl Lactate, Lauryl Laurate, Hydroxyethyl Behenamidopropyl Dimonium Chloride, Ethylhexylglycerin, Silica, Xanthan Gum, PPG-26-Buteth-26, PEG-40 Hydrogenated Castor Oil, Sodium Hydroxide, Disodium EDTA, Phenoxyethanol, Caprylyl Glycol, Chlorphenesin, Limonene, Fragrance, Yellow 5 (CI 19140), Orange 4 (CI 15510).",5,4.2,1500000
3016,15,Black Tea Age-Delay Firming Serum,"Water, Glycerin, Butylene Glycol, Jojoba Oil PEG-150 Esters, Pentylene Glycol, Methyl Gluceth-20, PEG-6 Caprylic/Capric Glycerides, Acacia Senegal Gum, PEG-40 Hydrogenated Castor Oil, Rhizobian Gum, Xanthan Gum, Saccharomyces Ferment Filtrate, Camellia Sinensis Leaf Extract, Rubus Fruticosus (Blackberry) Leaf Extract, Lonicera Japonica (Honeysuckle) Leaf Extract, Litchi Chinensis Seed Extract, Tocopheryl Acetate, Tocopherol, Acetyl Dipeptide-1 Cetyl Ester, Palmitoyl Tetrapeptide-7, PEG-150, Squalane, Lecithin, Carbomer, Sorbitan Laurate, Sorbitol, Parfum (Fragrance), Sodium Acrylates Copolymer, Maltodextrin, Algin, Sodium Hydroxide, Polyquaternium-51, Adenosine, Hydroxyethylcellulose, Polyvinyl Alcohol, Lactic Acid, BHT, Cellulose Gum, Sodium Citrate, Citric Acid, Potassium Sorbate, Biotin, Linalool, Citronellol, Phenoxyethanol.",5,3.9,950000
5723,7,Resveratrol Lift Night Infusion Cream,"Water, Glycerin*, Butylene Glycol, Isononyl Isononanoate, Caprylic/Capric Triglyceride*, Cetearyl Alcohol*, Hydrogenated Vegetable Oil*, Vitis Vinifera (Grape) Seed Oil*, Peg-20 Stearate, Squalane*, Citrus Aurantium Amara (Bitter Orange) Flower Water*, Butyrospermum Parkii (Shea) Butter Extract*, Carbomer, Palmitoyl Grapevine Shoot Extract*, Parfum (Fragrance), Caprylyl Glycol, Potassium Sorbate, Polyglyceryl-10 Pentaoleate*, Palmitoyl Grape Seed Extract*, Xanthan Gum, Tocopheryl Acetate*, Sodium Hydroxide, Verbena Officinalis Extract*, Tilia Cordata Extract*, Ceramide 3, Sodium Hyaluronate, Acrylates/C10-30 Alkyl Acrylate Crosspolymer, Sodium Carboxymethyl Beta-Glucan, Tocopherol*, Helianthus Annuus (Sunflower) Seed Oil*, Linalool, Limonene, Coumarin, Butylphenyl Methylpropional. *Plant Origin.",7,4.1,2500000
4601,4,Squalane + Antioxidant Cleansing Oil,"Caprylic/Capric Triglyceride, Polyglyceryl-2 Caprate, Squalane, C13-15 Alkane, Polyglyceryl-2 Sesquioleate, Triethylhexanoin, Citrus Aurantium Dulcis (Orange) Oil, Lavandula Angustifolia (Lavender) Oil, Rosa Moschata Seed Oil, Avena Sativa (Oat) Kernel Oil, Oenothera Biennis, (Evening Primrose) Oil, Moringa Oleifera Seed Oil, Lavandula Hybrida Oil, Rosmarinus Officinalis (Rosemary) Leaf Extract, Anthemis Nobilis Flower Oil, Helianthus, Annuus (Sunflower) Seed Oil, Tocopherol.",1,4.4,115000
1248,19,Pink Cloud Rosewater Moisture Creme,"Water, Aloe Barbadensis (Aloe Vera) Leaf Juice, Helianthus Annuus (Sunflower) Seed Oil, Isoamyl Laurate, Rosa Damascena (Rose) Flower Water, Glyceryl Stearate Citrate, Cetearyl Alcohol, Glyceryl Caprylate, Populus Tremuloides (Aspen) Bark Extract, Aleurites Moluccana (Kukui) Nut Oil, Propanediol, Myrothamnus Flabellifolia Extract, Ascorbic Acid, Citric Acid, Glycerin, Cetearyl Alcohol, Cocos Nucifera (Coconut) Extract, Butyrospermum Parkii (Shea) Nut Butter, Oryza Sativa (Rice) Seed Extract, Camellia Sinensis (White Tea) Leaf Extract, Sodium Hyaluronate, Melia Azadirachta Flower Extract, Corallina Officinalis Extract, Coccinia Indica Fruit Extract, Melia Azadirachta Leaf Extract, Solanum Melongena (Eggplant) Fruit Extract, Aloe Barbadensis Flower Extract, Ocimum Sanctum Leaf Extract, Curcuma Longa (Turmeric) Root Extract, Rosmarinus Officinalis (Rosemary) Leaf Extract, Sclerotium Gum, Rosa Damascena (Rose) Flower Oil, Xanthan Gum, Sodium Phytate, Alcohol, Sodium Anisate.",7,4.6,850000
1387,8,Dramatically Different Moisturizing Gel,"Water , Dimethicone , Isododecane , Butylene Glycol , Bis-Peg-18 Methyl Ether Dimethyl Silane , Glycerin , Laminaria Saccharina Extract , Polygonum Cuspidatum Root Extract , Saccharomyces Lysate Extract , Cucumis Sativus (Cucumber) Fruit Extract , Hordeum Vulgare (Barley) Extract/Extrait D'Orge , Helianthus Annuus (Sunflower) Seedcake , Caffeine , Trehalose , Sodium Hyaluronate , Tocopheryl Acetate , Chamomilla Recutita (Matricaria) , Polysilicone-11 , Silica , Propylene Glycol Dicaprate , Oleth-10 , Lactobacillus Ferment , Laureth-23 , Laureth-4 , Ammonium Acryloyldimethyltaurate/Vp Copolymer , Carbomer , Caprylyl Glycol , Hexylene Glycol , Tromethamine , Disodium Edta , Phenoxyethanol , Potassium Sorbate , Yellow 5 (Ci 19140) , Red 4 (Ci 14700) , Yellow 6 (Ci 15985)",7,4.5,360000
4162,8,Clarifying Lotion 3,"Water , Alcohol Denat. , Salicylic Acid , Hamamelis Virginiana (Witch Hazel) , Butylene Glycol , Glycerin , Trehalose , Sodium Hyaluronate , Citric Acid , Sodium Hydroxide , Disodium Edta , Bht , Phenoxyethanol , Benzophenone-4 , Ext. Violet 2 (Ci 60730) , Red 6 (Ci 15850) , Orange 4 (Ci 15510)",3,4.4,200000
6079,26,The Cleansing Gel,"Declustered Water (+)/Aqua/Eau De-Structuree (+), Cocamidopropyl Hydroxysultaine, Sodium Cocoyl Sarcosinate, Coco-Betaine, Sodium Laureth Sulfate, Sodium Chloride, Aloe Barbadensis Leaf Extract, Avena Sativa (Oat) Kernel Extract, Algae (Seaweed) Extract, Sesamum Indicum (Sesame) Seed Oil, Medicago Sativa (Alfalfa) Seed Powder, Helianthus Annuus (Sunflower) Seedcake, Prunus Amygdalus Dulcis (Sweet Almond) Seed Meal, Eucalyptus Globulus (Eucalyptus) Leaf Oil, Sodium Gluconate, Copper Gluconate, Calcium Gluconate, Magnesium Gluconate, Zinc Gluconate, Tocopheryl Succinate, Niacin, Sesamum Indicum (Sesame) Seed Powder, Butylene Glycol, Sucrose, Caprylyl Glycol, Sodium Bicarbonate, Tourmaline, Hexylene Glycol, Fragrance, Edta, Disodium Edta, Methylchloroisothiazolinone, Methylisothiazolinone, Phenoxyethanol, Alpha-Isomethyl Ionone, Geraniol, Butylphenyl Methylpropional, Linalool, Green 5 (Ci 61570), Yellow 5 (Ci 19140)",1,4.2,1200000
456,36,GinZing Refreshing Eye Cream,No Info,10,4.5,450000
1180,34,Treatment Catalyst Oil,No Info,13,4.4,300000
3811,29,Vita-Long Oil,No Info,13,4.7,600000
2710,6,Hydration Burst Transforming Cleanser,No Info,1,3.9,100000
5829,15,Rose Deep Hydration Facial Toner,"Water, Glycerin, Butylene Glycol, Rosa Centifolia Flower, Rosa Damascena Flower Water, Rosa Multiflora Fruit Extract, Angelica Keiskei Extract, Rosa Damascena Flower Oil, Sodium Hyaluronate, PEG-150, PPG-26-Buteth-26, PEG-40 Hydroge- nated Castor Oil, Sodium Citrate, Xanthan Gum, Citric Acid, BHT, Parfum (Fragrance), Phenoxyethanol, Citronellol, Geraniol.",2,4.2,800000
4913,24,ExfoliKate Cleanser Daily Foaming Wash,"Water, Stearic Acid, Sodium Cocoyl Glycinate, Lauramidopropyl Betaine, Glycerin, Hydroxypropyl Starch Phosphate, Cetearyl Phosphate, Xylitylglucoside, Dimethicone PEG-8 Meadowfoamate, Anhydroxylitol, Xylitol, Leuconostoc/Radish Root Ferment Filtrate, Bromelain, Papain, Lactobacillus/Pumpkin Fruit Ferment Filtrate, Lauramide DIPA, Aloe Barbadensis Leaf Juice Powder, Lactic Acid, Glycolic Acid, Citrus Aurantium Bergamia (Bergamot) Fruit Oil, Aniba Rosaeodora (Rosewood) Wood Extract, Citrus Aurantium Dulcis (Orange) Peel Oil, Geranium Maculatum Oil, Benzyl Alcohol, Sodium Hydroxide, Chlorphenesin, Chlorophyllin-Copper Complex (CI 75810), Maltodextrin.",1,4.5,670000
6459,50,Martian Mattifying Melting Water-Gel Toner,"Water, Alcohol Denat., Dicaprylyl Carbonate, Dimethyl Isosorbide, Sorbeth-30 Tetraisostearate, Sorbitan Sesquiisostearate, PPG-8 Ceteth-20, Acrylates/Beheneth-25 Methacrylate Copolymer, Dipropylene Glycol, Taraktogenos Kurzii Seed Oil, Nigella Sativa (Black Cumin) Seed Oil, Leptospermum Scoparium (Manuka) Branch/Leaf Oil, Potassium Lauroyl Wheat Amino Acids, Palm Glycerides, Capryloyl Glycine, Magnolia Grandiflora Bark Extract, Lauryl Lactate, Phenoxyethanol, Caprylyl Glycol, Chlorphenesin, Tapioca Starch, Polymethylsilsesquioxane, Bentonite, Tapioca Starch (and) Polymethylsilsequioxane, Lauryl Lactate, Phenoxyethanol, Propanediol, Cucumis Sativus (Cucumber) Fruit Extract, Althaea Officinalis (Marshmallow) Root Extract, Hammamelis Virginiana (Witch Hazel) Leaf Extract, Camellia Sinensis (Green Tea) Leaf Extract, Cymbopogan Schoenanthus (Lemongrass) Oil, Chlorphenesin, Caprylyl Glycol, Triethanolamine, Melia Azadirachta Leaf Extract, Melia Azadirachta Flower Extract, Amino Esters-1, Mimosa Tenuiflora Bark Extract, Coccinia Indica Fruit Extract, Solanum Melongena (Eggplant) Fruit Extract, Aloe Barbadensis Flower Extract, Lawsonia Inermis (Henna) Extract, Ocimum Sanctum Leaf Extract, Curcuma Longa (Turmeric) Root Extract, Corallina Officinalis Extract, Ocimum Basilicum (Basil) Flower/Leaf Extract, Pearl Powder.",2,3.9,430000
1287,31,Advanced Active Radiance Serum,"Water, Glycolic Acid, Butylene Glycol, Hydroxyethyl Acrylate/Sodium Acryloyldimethyl Taurate Copolymer, Cyclopentasiloxane, Urea, Yeast Amino Acids, Trehalose, Inositol, Taurine, Betaine, Hydrolyzed Opuntia Ficus Indica Flower Extract, Hexapeptide-2, Hydrolyzed Jojoba Esters, Jojoba Esters, Dimethicone Crosspolymer, Camellia Oleifera Leaf Extract, Avena Sativa (Oat) Kernel Extract, Enantia Chlorantha (Bark) Extract, Oleanolic Acid, Ectoin, Sodium Ascorbyl Phosphate, Biotin, Mannitol, Zinc Gluconate, Tocopheryl Acetate, Dipotassium Glycyrrhizate, Ethylhexyl Palmitate, Silica Dimethyl Silylate, Sodium Hyaluronate, Tetrahexyldecyl Ascorbate, Ascorbic Acid, Chitosan, Propyl Gallate, Methyl Diisopropyl Propionamide, Ethyl Menthane Carboxamide, Menthyl Lactate, Lauryl Laurate, Hydroxyethyl Behenamidopropyl Dimonium Chloride, Ethylhexylglycerin, Silica, Xanthan Gum, PPG-26-Buteth-26, PEG-40 Hydrogenated Castor Oil, Sodium Hydroxide, Disodium EDTA, Phenoxyethanol, Caprylyl Glycol, Chlorphenesin, Limonene, Fragrance, Yellow 5 (CI 19140), Orange 4 (CI 15510).",5,4.2,1500000
5234,3,Luminous Eye Serum,No Info,10,4.1,600000
6717,1,Hydrating Essence Toner,"Water, Butylene Glycol, Sodium PCA, Hamamelis Virginiana (Witch Hazel) Water, Algae Exopolysaccharides, Palmitoyl Oligopeptide, Palmitoyl Tetrapeptide-7, Ascorbyl Glucoside, Aloe Barbadensis Leaf Extract, Camellia Oleifera Leaf Extract, Chamomilla Recutita (Matricaria) Flower Extract, Cucumis Sativus (Cucumber) Fruit Extract, Verbena Officinalis Extract, Tocopheryl Acetate, Glycerin, 1,2-Hexanediol, Caprylyl Glycol, Carbomer, Polysorbate 20, Ethylhexyglycerin, Benzoic Acid, Disodium EDTA, Phenoxyethanol, Fragrance.",2,4.4,350000
5175,46,Benefiance NutriPerfect Night Cream,No Info,7,4.7,2800000
3541,42,Retinol Molecular Serum,No Info,5,4.7,1200000
1039,31,Skin Perfecting Lotion - Blemish Prone/Oily Skin,"Water, Dicaprylyl Maleate, C12-15 Alkyl Benzoate, Butylene Glycol, Glycerin, Sorbitan Stearate, Squalane, Stearic Acid, Retinol, Caprylic/Capric Triglyceride, Urea, Yeast Amino Acids, Trehalose, Inositol, Taurine, Betaine, Arnica Montana Flower Extract, Epilobium Angustifolium Flower/Leaf/Stem Extract, Hydrolyzed Soy Flour, Spiraea Ulmaria Extract, Honey (Mel) Extract, Cetearyl Alcohol, Ceteareth-20, Talc, Glycolipids, Sodium Hyaluronate, Panthenol, Lecithin, Avena Sativa (Oat) Kernel Protein, Tocopherol, Magnesium Ascorbyl Phosphate , Chondrus Crispus (Carrageenan) Extract, Dimethicone, Sodium PCA, Allantoin, Sclerotium Gum, Carbomer, Disodium EDTA, Aminomethyl Propanol, Phenoxyethanol, Caprylyl Glycol, Chlorphenesin, Citrus Aurantium Dulcis (Orange) Fruit Extract.",3,4.3,580000
361,23,Argan Cleansing Oil,"Helianthus Annuus (Sunflower) Seed Oil**, Polysorbate-80**, Polysorbate-20**, Carthamus Tinctorius (Safflower) Seed Oil**, Argania Spinosa (Argan) Kernel Oil*, Citrus Grandis (Pomelo Grapefruit) Seed Oil**, Vitis Vinifera (Grape) Seed Oil**, Olea Europaea (Olive) Fruit Oil**, Tocopherol, Sucralose**.",1,4.1,350000
303,8,Clarifying Lotion 1,"Water , Alcohol Denat. , Glycerin , Butylene Glycol , Hamamelis Virginiana (Witch Hazel) , Trehalose , Salicylic Acid , Acetyl Glucosamine , Sodium Hyaluronate , Sodium Hydroxide , Tetrahydroxypropyl Ethylenediamine , Disodium Edta , Phenoxyethanol , Benzophenone-4 , Yellow 5 (Ci 19140) , Blue 1 (Ci 42090)",3,4.5,480000
198,38,Anti-Wrinkle Vitamin C Patches,No Info,6,4.5,1700000
4406,31,Clarifying Toner,No Info,2,0,600000
1235,35,Find Your Balance Oil Control Cleanser,"Water, Sodium Cocoyl Isethionate, Decyl Glucoside, Cocamidopropyl Betaine, Glycerin, Acrylates Copolymer, Glycol Distearate, Phenoxyethanol, Glycolic Acid, Lactic Acid, Sodium Hydroxide, Caprylyl Glycol, Eucalyptus Globulus Leaf Oil, Mentha Piperita (Peppermint) Oil, Laureth-4, Ethylhexylglycerin, Hexylene Glycol, Melia Azadirachta Seed Oil, Linoleic Acid, Camellia Sinensis Leaf Extract, Chonrus Crispus (Carrageenan) Extract, Eucalyptus Globulus Leaf Extract, Macrocystis Pyrifera (Kelp) Extract, Phytic Acid, Linolenic Acid, Sodium Benzoate, Tocopherol, Limonene.",1,4.5,250000
295,15,Black Tea Corset Cream Firming Moisturizer,"Water, Isononyl Isononanoate, CetearylIsononanoate, Hydrogenated Polyisobutene, Butylene Glycol,Glycerin, Pentylene Glycol, Steareth-21, Jojoba Esters, AlpiniaGalanga Leaf Extract, Algin, Saccharomyces Ferment Filtrate,Camellia Sinensis Leaf Extract, Lycium Chinense Fruit Extract,Rubus Fruticosus (Blackberry) Leaf Extract, Litchi Chinensis SeedExtract, Sorbitan Laurate, Sodium Hyaluronate, Hydroxyethylcellu-lose, Adenosine, Acetyl Dipeptide-1 Cetyl Ester, Tocopheryl Acetate,Tocopherol, Myristyl Myristate, Behenyl Alcohol, Cetyl Alcohol,Stearyl Alcohol, Glyceryl Stearate, Decyloxazolidinone, Dimethicone,Diphenylsiloxy Phenyl Trimethicone, Fragrance, Polyacryl-amide, Acrylates/C10-30 Alkyl Acrylate Crosspolymer, C13-14Isoparaffin, Xanthan Gum, Sorbitol, Tromethamine, Maltodextrin,Dimethicone/Phenyl Vinyl Dimethicone Crosspolymer, Laureth-7,Polyvinyl Alcohol, BHT, Cellulose Gum, Caprylic/CapricTriglyceride, Citric Acid, Sodium Benzoate, Sodium Citrate,Potassium Sorbate, Biotin, Phenoxyethanol, Linalool,Citronellol, Geraniol.",7,4,1750000
2228,26,Cucumber Herbal Alcohol-Free Toner,"Water, Pentylene Glycol, Phenoxyethanol, Propylene Glycol, Sodium Pca, Methylparaben, Allantoin, Cucumber Fruit Extract, Aloe Barbadensis Leaf Juice, Camphor, Matricaria Flower Extract, Nettle Extract, Equisetum Arvense Extract, Betula Alba Extract, Ci 19140 / Yellow 5, Ci 14700 / Red 4, Ci 42090 / Blue 1.",2,4.1,1500000
2848,50,Good Genes All-In-One Lactic Acid Treatment,"Opuntia Tuna Fruit (Prickly Pear) Extract, Agave Tequilana Leaf (Blue Agave) Extract, Cypripedium Pubescens (Lady's Slipper Orchid) Extract, Opuntia Vulgaris (Cactus) Extract, Aloe Barbadensis Leaf Extract & Saccharomyses Cerevisiae (Yeast) Extract, Lactic Acid, Caprylic/Capric Triglyceride, Butylene Glycol, Squalane, Cyclomethicone, Dimethicone, Ppg-12/Smdi Copolymer, Stearic Acid, Cetearyl Alcohol And Ceteareth20, Glyceryl Stearate And Peg-100 Stearate, Arnica Montana (Flower) Extract, Peg-75 Meadowfoam Oil, Glycyrrhiza Glabra (Licorice) Root Extract, Cymbopogon Schoenanthus (Lemongrass) Oil, Triethanolamine, Xantham Gum, Phenoxyethanol, Steareth-20, Dmdm Hydantoin.",6,4.3,1500000
1853,4,Squalane + Phyto-Retinol Serum,"Water, Squalane, Niacinamide, Sodium Acrylates Copolymer, Bakuchiol, Sodium Hyaluronate, Rosa Canina Fruit Oil, Citrus Aurantium Amara (Bitter Orange) Peel Oil, Biosaccharide Gum-1, Yeast Extract , Soy Amino Acids, Lecithin, Hexylene Glycol, Ethylhexylglycerin, Caprylyl Glycol, Phenoxyethanol, Tetrasodium Glutamate Diacetate, Citric Acid, Linalool, Geraniol, Limonene.",5,4.3,1200000
769,8,Rinse-Off Foaming Cleanser,"Water , Potassium Myristate , Glycerin , Potassium Behenate , Sodium Methyl Cocoyl Taurate , Potassium Palmitate , Potassium Laurate , Potassium Sterate , Peg-3 Distearate , Cholesteryl Hydroxystearate , Butylene Glycol , Sodium Hyaluronate , Trisodium Edta , Disodium Edta , Phenoxyethanol , Ext. Violet 2 (Ci 60730) , Red 4 (Ci 14700)",1,4.6,540000
2537,31,Skin Perfecting Lotion - Blemish Prone/Oily Skin,"Water, Dicaprylyl Maleate, C12-15 Alkyl Benzoate, Butylene Glycol, Glycerin, Sorbitan Stearate, Squalane, Stearic Acid, Retinol, Caprylic/Capric Triglyceride, Urea, Yeast Amino Acids, Trehalose, Inositol, Taurine, Betaine, Arnica Montana Flower Extract, Epilobium Angustifolium Flower/Leaf/Stem Extract, Hydrolyzed Soy Flour, Spiraea Ulmaria Extract, Honey (Mel) Extract, Cetearyl Alcohol, Ceteareth-20, Talc, Glycolipids, Sodium Hyaluronate, Panthenol, Lecithin, Avena Sativa (Oat) Kernel Protein, Tocopherol, Magnesium Ascorbyl Phosphate , Chondrus Crispus (Carrageenan) Extract, Dimethicone, Sodium PCA, Allantoin, Sclerotium Gum, Carbomer, Disodium EDTA, Aminomethyl Propanol, Phenoxyethanol, Caprylyl Glycol, Chlorphenesin, Citrus Aurantium Dulcis (Orange) Fruit Extract.",3,4.3,1575000
3871,11,Lift & Firm Moisturiser,No Info,7,4,1000000
3533,15,Lotus Youth Preserve Moisturizer,"Water, Glycerin, Propylene Glycol Dicaprylate/Dicaprate, Pentylene Glycol, Cetearyl Alcohol, Caprylic/Capric Triglyceride, Cetearyl Isononanoate, Betaine, Polymethyl Methacrylate, Steareth-21, Ficus Carica (Fig) Fruit Extract, Lepidium Meyenii Root Extract, Citrus Limon (Lemon) Peel Oil, Cucumis Sativus (Cucumber) Fruit Extract, Algae Extract, Nelumbo Nucifera Flower Extract, Hibiscus Esculentus Fruit Extract, Sodium Hyaluronate, Tocopheryl Acetate, Ascorbyl Tetraisopalmitate, Tocopherol, Behenyl Alcohol, Cetearyl Glucoside, Sorbitol, Dimethicone, Sodium PCA, Caprylyl Glycol, Carbomer, Tromethamine, Cetyl Alcohol, Stearyl Alcohol, Butylene Glycol, Xanthan Gum, Caramel, Citric Acid, Potassium Sorbate, Sorbic Acid, Phenoxyethanol, Limonene, Citral.",7,4.3,385000
3510,50,Ceramic Slip Cleanser,"Water, Disodium Laureth Sulfosuccinate, Octyldoecanol, Polyacrylate-33, Propanediol, Polygyceryl-2 Caprate, Sodium Cocoyl Isethionate, Montmorillonoite, Kaolin, Olive Oil Polyglyceryl-6 esters, Rice Oil Glycereth-8 esters, Phospholipids, Sodium Lauroamphoacetate, Bisabolol, Pentylene Glycol, Sodium Chloride, Sodium Phytate, Caprylyl Glycol, Dehydeoacetic Acid, Benzoic Acid, Propylene Carbonate, Linalool, Farnesol",1,4.3,650000
6509,20,I-Waken Eye Serum,No Info,10,4.5,750000
2000,8,Clarifying Lotion 3,"Water , Alcohol Denat. , Salicylic Acid , Hamamelis Virginiana (Witch Hazel) , Butylene Glycol , Glycerin , Trehalose , Sodium Hyaluronate , Citric Acid , Sodium Hydroxide , Disodium Edta , Bht , Phenoxyethanol , Benzophenone-4 , Ext. Violet 2 (Ci 60730) , Red 6 (Ci 15850) , Orange 4 (Ci 15510)",3,4.4,480000
6134,12,Advanced Night Repair Synchronized Recovery Complex II,"Advanced Night Repr Sync Rec Cmp11 Division: El (Estee Lauder)Ingredients: Water , Bifida Ferment Lysate , Methyl Gluceth-20 , Peg-75 , Bis-Peg-18 Methyl Ether Dimethyl Silane , Butylene Glycol , Propanediol , Cola Acuminata (Kola) Seed Extract , Hydrolyzed Algin , Pantethine , Caffeine , Lecithin , Tripeptide-32 , Ethylhexylglycerin , Sodium Rna , Bisabolol , Glycereth-26 , Squalane , Sodium Hyaluronate , Oleth-3 Phosphate , Caprylyl Glycol , Lactobacillus Ferment , Oleth-3 , Oleth-5 , Anthemis Nobilis (Chamomile) , Yeast Extract/Faex/Extrait De Levure , Choleth-24 , Hydrogenated Lecithin , Ceteth-24 , Tocopheryl Acetate , Ethylhexyl Methoxycinnamate , Hexylene Glycol , Carbomer , Triethanolamine , Trisodium Edta , Bht , Xanthan Gum , Phenoxyethanol , Red 4 (Ci 14700) , Yellow 5 (Ci 19140)",2,4.3,1600000
3373,48,C E Ferulic Serum,No Info,5,4.4,1500000
